{
    "width": "304.792458mm",
    "height": "30mm",
    "viewBox": "0 0 304.792458 30",
    "rulerOutline": [[0, ",0 v 10.5 l 5,-3 v 15 l -5,-3 v 10.5 h 299.792458 v -10.5 l 5,3 v -15 l -5,3 v -10.5 Z"]],
    "rulerTotal": "/31 557 600 000 000 000 lns",
    "glyphWidth": 2.4,
    "glyphInnerSpaceWidth": 0.6,
    "glyphSlashSpace": 1.4,
    "glyphs": {
        "filled": {
            "0": [[0.1171573, ",0.9171573 a 0.4,0.4 0 0 0 -0.1171573,0.2828427 v 1.6 a 0.4,0.4 0 0 0 0.1171573,0.2828427 l 0.8,0.8 a 0.4,0.4 0 0 0 0.5656854,0 l 0.8,-0.8 a 0.4,0.4 0 0 0 0.1171573,-0.2828427 v -1.6 a 0.4,0.4 0 0 0 -0.1171573,-0.2828427 l -0.8,-0.8 a 0.4,0.4 0 0 0 -0.5656854,0 Z"], [1.2, ",0.9656854 l 0.4,0.4 v 1.2686292 l -0.4,0.4 -0.4,-0.4 v -1.2686292 Z"]],
            "1": [[0.1171573, ",0.9171573 a 0.4,0.4 0 0 0 0.5656854,0.5656854 l 0.1171573,-0.1171573 v 1.8343146 h -0.4 a 0.4,0.4 0 0 0 0,0.8 h 1.6 a 0.4,0.4 0 0 0 0,-0.8 h -0.4 v -2.8 a 0.4,0.4 0 0 0 -0.6828427,-0.2828427 Z"]],
            "2": [[0.4, ",0 a 0.4,0.4 0 0 0 0,0.8 h 0.6343146 l 0.4,0.4 -1.3171573,1.3171573 a 0.4,0.4 0 0 0 -0.1171573,0.2828427 v 0.8 a 0.4,0.4 0 0 0 0.4,0.4 h 1.6 a 0.4,0.4 0 0 0 0,-0.8 h -1.2 v -0.2343146 l 1.4828427,-1.4828427 a 0.4,0.4 0 0 0 0,-0.5656854 l -0.8,-0.8  a 0.4,0.4 0 0 0 -0.2828427,-0.1171573 Z"]],
            "3": [[0.4, ",0 a 0.4,0.4 0 0 0 0,0.8 h 0.6343146 l 0.4,0.4 -0.5171573,0.5171573 a 0.4,0.4 0 0 0 0,0.5656854 l 0.5171573,0.5171573 -0.4,0.4 h -0.6343146 a 0.4,0.4 0 0 0 0,0.8 h 0.8 a 0.4,0.4 0 0 0 0.2828427,-0.1171573 l 0.8,-0.8 a 0.4,0.4 0 0 0 0,-0.5656854 l -0.5171573,-0.5171573 0.5171573,-0.5171573 a 0.4,0.4 0 0 0 0,-0.5656854 l -0.8,-0.8 a 0.4,0.4 0 0 0 -0.2828427,-0.1171573 Z"]],
            "4": [[0.8, ",1.2 a 0.4,0.4 0 0 0 -0.8,0 v 0.8 a 0.4,0.4 0 0 0 0.1171573,0.2828427 l 0.8,0.8 a 0.4,0.4 0 0 0 0.2828427,0.1171573 h 0.4 v 0.4 a 0.4,0.4 0 0 0 0.8,0 v -3.2 a 0.4,0.4 0 0 0 -0.8,0 v 2 h -0.2343146 l -0.5656854,-0.5656854 Z"]],
            "5": [[0.4, ",0 a 0.4,0.4 0 0 0 -0.4,0.4 v 0.8 a 0.4,0.4 0 0 0 0.1171573,0.2828427 l 1.3171573,1.3171573 l -0.4,0.4 h -0.6343146 a 0.4,0.4 0 0 0 0,0.8 h 0.8 a 0.4,0.4 0 0 0 0.2828427,-0.1171573 l 0.8,-0.8 a 0.4,0.4 0 0 0 0,-0.5656854 l -1.4828427,-1.4828427 v -0.2343146 h 1.2 a 0.4,0.4 0 0 0 0,-0.8 Z"]],
            "6": [[0.1171573, ",0.9171573 a 0.4,0.4 0 0 0 -0.1171573,0.2828427 v 1.6 a 0.4,0.4 0 0 0 0.1171573,0.2828427 l 0.8,0.8 a 0.4,0.4 0 0 0 0.5656854,0 l 0.8,-0.8 a 0.4,0.4 0 0 0 0,-0.5656854 l -0.8,-0.8 a 0.4,0.4 0 0 0 -0.5656854,0 l -0.1171573,0.1171573 v -0.4686292 l 0.6828427,-0.6828427 a 0.4,0.4 0 0 0 -0.5656854,-0.5656854 Z"], [1.2, ",2.5656854 l 0.2343146,0.2343146 -0.2343146,0.2343146, -0.2343146,-0.2343146 Z"]],
            "7": [[0.4, ",0 a 0.4,0.4 0 0 0 0,0.8 h 1.2 v 0.2343146 l -0.6828427,0.6828427 a 0.4,0.4 0 0 0 -0.1171573,0.2828427 v 1.6 a 0.4,0.4 0 0 0 0.8,0 v -1.4343146 l 0.6828427,-0.6828427 a 0.4,0.4 0 0 0 0.1171573,-0.2828427 v -0.8 a 0.4,0.4 0 0 0 -0.4,-0.4 Z"]],
            "8": [[0.1171573, ",0.9171573 a 0.4,0.4 0 0 0 0,0.5656854 l 0.5171573,0.5171573 -0.5171573,0.5171573 a 0.4,0.4 0 0 0 0,0.5656854 l 0.8,0.8 a 0.4,0.4 0 0 0 0.5656854,0 l 0.8,-0.8 a 0.4,0.4 0 0 0 0,-0.5656854 l -0.5171573,-0.5171573 0.5171573,-0.5171573 a 0.4,0.4 0 0 0 0,-0.5656854 l -0.8,-0.8 a 0.4,0.4 0 0 0 -0.5656854,0 Z"], [1.2, ",0.9656854 l 0.2343146,0.2343146 -0.2343146,0.2343146, -0.2343146,-0.2343146 Z"], [1.2, ",2.5656854 l 0.2343146,0.2343146 -0.2343146,0.2343146, -0.2343146,-0.2343146 Z"]],
            "9": [[0.1171573, ",0.9171573 a 0.4,0.4 0 0 0 0,0.5656854 l 0.8,0.8 a 0.4,0.4 0 0 0 0.5656854,0 l 0.1171573,-0.1171573 v 1.4343146 a 0.4,0.4 0 0 0 0.8,0 v -2.4 a 0.4,0.4 0 0 0 -0.1171573,-0.2828427 l -0.8,-0.8 a 0.4,0.4 0 0 0 -0.5656854,0 Z"], [1.2, ",0.9656854 l 0.2343146,0.2343146 -0.2343146,0.2343146, -0.2343146,-0.2343146 Z"]],
            "/": [[0.9171573, ",0.9171573 a 0.4,0.4 0 0 0 -0.1171573,0.2828427 v 1.4343146 l -0.6828427,0.6828427 a 0.4,0.4 0 0 0 0.5656854,0.5656854 l 0.8,-0.8 a 0.4,0.4 0 0 0 0.1171573,-0.2828427 v -1.4343146 l 0.6828427,-0.6828427 a 0.4,0.4 0 0 0 -0.5656854,-0.5656854 Z"]],
            "l": [[0.8, ",0.4 a 0.4,0.4 0 0 0 -0.8,0 v 2.4 a 0.4,0.4 0 0 0 0.1171573,0.2828427 l 0.8,0.8 a 0.4,0.4 0 0 0 0.5656854,-0.5656854 l -0.6828427,-0.6828427 Z"]],
            "n": [[0.4, ",1.6 a 0.4,0.4 0 0 0 -0.4,0.4 v 1.6 a 0.4,0.4 0 0 0 0.8,0 v -1.2 h 0.2343146 l 0.5656854,0.5656854 v 0.6343146 a 0.4,0.4 0 0 0 0.8,0 v -0.8 a 0.4,0.4 0 0 0 -0.1171573,-0.2828427 l -0.8,-0.8 a 0.4,0.4 0 0 0 -0.2828427,-0.1171573 Z"]],
            "s": [[1.2, ",1.6 a 0.4,0.4 0 0 0 -0.4,0.4 v 1.2 h -0.4 a 0.4,0.4 0 0 0 0,0.8 h 0.8 a 0.4,0.4 0 0 0 0.4,-0.4 v -1.2 h 0.4 a 0.4,0.4 0 0 0 0,-0.8 Z"]]
        },
        "stroked": {
            "0": [[0.4, ",1.2 l 0.8,-0.8 0.8,0.8 v 1.6 l -0.8,0.8 -0.8,-0.8 Z"]],
            "1": [[0.4, ",1.2 l 0.8,-0.8 v 3.2 h -0.8 1.6"]],
            "2": [[0.4, ",0.4 h 0.8 l 0.8,0.8 -1.6,1.6 v 0.8 h 1.6"]],
            "3": [[0.4, ",0.4 h 0.8 l 0.8,0.8 -0.8,0.8 0.8,0.8 -0.8,0.8 h -0.8"]],
            "4": [[0.4, ",1.2 v 0.8 l 0.8,0.8 h 0.8 v 0.8 -3.2"]],
            "5": [[2, ",0.4 h -1.6 v 0.8 l 1.6,1.6 -0.8,0.8 h -0.8"]],
            "6": [[1.2, ",0.4 l -0.8,0.8 v 1.6 l 0.8,0.8 0.8,-0.8 -0.8,-0.8 -0.8,0.8"]],
            "7": [[0.4, ",0.4 h 1.6 v 0.8 l -0.8,0.8 v 1.6"]],
            "8": [[1.2, ",0.4 l -0.8,0.8 1.6,1.6 -0.8,0.8 -0.8,-0.8 1.6,-1.6 Z"]],
            "9": [[2, ",3.6 v -2.4 l -0.8,-0.8 -0.8,0.8 0.8,0.8 0.8,-0.8"]],
            "/": [[2, ",0.4 l -0.8,0.8 v 1.6 l -0.8,0.8"]],
            "l": [[0.4, ",0.4 v 2.4 l 0.8,0.8"]],
            "n": [[0.4, ",3.6 v -1.6 h 0.8 l 0.8,0.8 v 0.8"]],
            "s": [[0.4, ",3.6 h 0.8 v -1.6 h 0.8"]]
        }
    },
    "styles": {
        "screen": {
            "rulerOutline": {
                "fill": "red"
            },
            "filled": {
                "fill": "#000000"
            },
            "stroked": {
                "fill":"none",
                "stroke": "black",
                "stroke-width": "0.8",
                "stroke-linecap": "round",
                "stroke-linejoin": "round",
                "stroke-miterlimit": "4"
            }
        },
        "laser": {
            "rulerOutline": {

            },
            "filled": {
                "fill": "#000000"
            }
        }


    }
}
